{
    "version": 3,
    "cmakeMinimumRequired": {
        "major": 3,
        "minor": 0,
        "patch": 0
    },
    "configurePresets": [
        {
            "name": "default",
            "description": "Settings for cmake projects",
            "hidden": false,
            "generator": "Unix Makefiles",
            "binaryDir": "${sourceDir}/build",
            "cacheVariables": {
                "CMAKE_BUILD_TYPE": "Debug",
                "CMAKE_EXPORT_COMPILE_COMMANDS": "YES"
            }
        }
    ]
}